--Adicionar o tipo primeiro para poder começar a adicionar os produtos
-- inserindo tipos
INSERT TIPO(IDTIPO, NOME, DESCRICAO) VALUES ('AAAAA', 'MOUSE', 'DIVERSOS TIPOS DE MOUSES')
INSERT TIPO(IDTIPO, NOME, DESCRICAO) VALUES ('BBBBB', 'HeadSet','Fones de ouvido com microfone')
INSERT TIPO (IDTIPO, NOME, DESCRICAO) VALUES ('CCCCC', 'Armazenamento','Produtos tipo hd e ssd')
INSERT TIPO(IDTIPO, NOME, DESCRICAO) VALUES ('DDDDD', 'Teclado', 'Teclados variados')
INSERT TIPO(IDTIPO, NOME, DESCRICAO) VALUES ('EEEEE', 'Placa de vídeo', 'Diversos tipos de placas de vídeo')
INSERT TIPO(IDTIPO, NOME, DESCRICAO) VALUES ('FFFFF', 'Monitor Gamer', 'Fluidez no game')
INSERT TIPO(IDTIPO, NOME, DESCRICAO) VALUES ('GGGGG', 'Mousepads', 'Diversos mousepads')
INSERT TIPO(IDTIPO, NOME, DESCRICAO) VALUES ('HHHHH', 'Caixa de som', 'Diversas caixas de som')
INSERT TIPO(IDTIPO, NOME, DESCRICAO) VALUES ('IIIII', 'Placa mãe', 'Diversas placas mãe')
INSERT TIPO(IDTIPO, NOME, DESCRICAO) VALUES ('JJJJJ', 'Gabinete', 'Diversos Gabinetes')

-- Inserindo fornecedores
INSERT FORNECEDOR (IDFORNECEDOR, NOME, PRODUTO) VALUES ('AAAAA','Loja do zé','Fornece mouse')
INSERT FORNECEDOR (IDFORNECEDOR, NOME, PRODUTO) VALUES ('BBBBB','Áudio de qualidade','Fornece Headsets')
INSERT FORNECEDOR (IDFORNECEDOR, NOME, PRODUTO) VALUES ('CCCCC','Armazenamento do futuro','Fornece sdd e hd')
INSERT FORNECEDOR (IDFORNECEDOR, NOME, PRODUTO) VALUES ('DDDDD','Abraão teclados','Fornece teclados')
INSERT FORNECEDOR (IDFORNECEDOR, NOME, PRODUTO) VALUES ('EEEEE','Vídeo em foco','Fornece placas de vídeo')
INSERT FORNECEDOR (IDFORNECEDOR, NOME, PRODUTO) VALUES ('FFFFF','Monitores full hd','Fornece monitor')
INSERT FORNECEDOR (IDFORNECEDOR, NOME, PRODUTO) VALUES ('GGGGG','Som em dia','Fornece caixa de som')
INSERT FORNECEDOR (IDFORNECEDOR, NOME, PRODUTO) VALUES ('HHHHH','Periféricos e cia','Fornece mousepads')
INSERT FORNECEDOR (IDFORNECEDOR, NOME, PRODUTO) VALUES ('IIIII','Marcos placas','Fornece placa mãe')
INSERT FORNECEDOR (IDFORNECEDOR, NOME, PRODUTO) VALUES ('JJJJJ','Torre dos gabinetes','Fornece gabinetes')

-- inserindo produtos
INSERT PRODUTO (IDPRODUTO, NOME, PESO, DESCRICAO, CUSTO, VENDA, TIPO, IDFORNECEDOR) VALUES ('AAAAA', 'Mouse logitech g403', 400, 'mouse gamer da logitech, perfeito para fps', 120, 200,'AAAAA','AAAAA')
INSERT PRODUTO (IDPRODUTO, NOME, PESO, DESCRICAO, CUSTO, VENDA, TIPO, IDFORNECEDOR) VALUES ('BBBBB', 'HeadSet Logitech g430 7.1', 900, 'HeadSet da logitech com 3  anos de garantia', 150, 200,'BBBBB','BBBBB')
INSERT PRODUTO (IDPRODUTO, NOME, PESO, DESCRICAO, CUSTO, VENDA, TIPO, IDFORNECEDOR) VALUES ('CCCCC', 'HeadSet Razer Kraken', 1200, 'HeadSet da Razer com 1  ano de garantia', 160, 400,'BBBBB','BBBBB')
INSERT PRODUTO (IDPRODUTO, NOME, PESO, DESCRICAO, CUSTO, VENDA, TIPO, IDFORNECEDOR) VALUES ('DDDDD','SSD Kingston', 300, 'Tenha mais Velocidade com qualidade', 150, 240, 'CCCCC','CCCCC')
INSERT PRODUTO (IDPRODUTO, NOME, PESO, DESCRICAO, CUSTO, VENDA, TIPO, IDFORNECEDOR) VALUES ('EEEEE','SSD Sandisk PLUS 400gb', 350, '2 anos de garantia na loja', 300, 500, 'CCCCC','CCCCC')
INSERT PRODUTO (IDPRODUTO, NOME, PESO, DESCRICAO, CUSTO, VENDA, TIPO, IDFORNECEDOR) VALUES ('FFFFF', 'Teclado mecânico Razer', 700, 'Agilidade nos games', 250, 500, 'DDDDD','DDDDD')
INSERT PRODUTO (IDPRODUTO, NOME, PESO, DESCRICAO, CUSTO, VENDA, TIPO, IDFORNECEDOR) VALUES ('GGGGG', 'Teclado mecânico Logitech', 500, 'Teclado com 5 anos de garantia', 300, 450, 'DDDDD','DDDDD')
INSERT PRODUTO (IDPRODUTO, NOME, PESO, DESCRICAO, CUSTO, VENDA, TIPO, IDFORNECEDOR) VALUES ('HHHHH', 'Placa de video RTX 2080 8GB', 900, 'Nova tecnologia RTX ', 1000, 2500, 'EEEEE','EEEEE')
INSERT PRODUTO (IDPRODUTO, NOME, PESO, DESCRICAO, CUSTO, VENDA, TIPO, IDFORNECEDOR) VALUES ('IIIII', 'Placa de video GTX 1660 6GB',700, 'Novo modelo da linha gtx', 800, 1680, 'EEEEE','EEEEE')
INSERT PRODUTO (IDPRODUTO, NOME, PESO, DESCRICAO, CUSTO, VENDA, TIPO, IDFORNECEDOR) VALUES ('JJJJJ','Monitor Asus',2000, '23 polegadas com taxa de 144hz', 1500, 2800, 'FFFFF','FFFFF')

-- Inserindo os clientes 
INSERT CLIENTE(IDCLIENTE, NOME, CPF, ENDERECO, FONE) VALUES ('AAAAA','Joselino Silva', 18698503384, 'Rua dos Almirantes, 894', '83985480495') --
INSERT CLIENTE(IDCLIENTE, NOME, CPF, ENDERECO, FONE) VALUES ('BBBBB','Adriana Andrade', 19258495503, 'Avenida Tom Jobim, 144', '84985489317') --
INSERT CLIENTE(IDCLIENTE, NOME, CPF, ENDERECO, FONE) VALUES ('CCCCC','Joseph Almeida', 17589402284, 'Braga de paris, 894', '83875894833') --
INSERT CLIENTE(IDCLIENTE, NOME, CPF, ENDERECO, FONE) VALUES ('EEEEE', 'Pamela Xavier', 18638481156, 'Rui carneiro, 858','83999205643')
INSERT CLIENTE(IDCLIENTE, NOME, CPF, ENDERECO, FONE) VALUES ('FFFFF', 'Jose Nascimento', 12412514756, 'Silvino Costa, 665','83991875621')
INSERT CLIENTE(IDCLIENTE, NOME, CPF, ENDERECO, FONE) VALUES ('GGGGG', 'Almir Peixoto', 12514710256, 'Avenida Manaira, 588','83999571188')
INSERT CLIENTE(IDCLIENTE, NOME, CPF, ENDERECO, FONE) VALUES ('HHHHH', 'Genivaldo Arthur', 18510085756, 'Bairro vermelho, 000','83936698752')
INSERT CLIENTE(IDCLIENTE, NOME, CPF, ENDERECO, FONE) VALUES ('IIIII', 'Almir Peixoto', 18251400586, 'Cruz das armas, 500','83887511603')
INSERT CLIENTE(IDCLIENTE, NOME, CPF, ENDERECO, FONE) VALUES ('JJJJJ', 'Arthur Ramalho', 18742034968, 'Bairro Amaral Peixoto, 048','83991841117')
INSERT CLIENTE(IDCLIENTE, NOME, CPF, ENDERECO, FONE) VALUES ('DDDDD', 'Eduardo Sikera', 12425845474, 'São Sebastião, 257','83998310389')

-- Inserindo funcionários
INSERT FUNCIONARIO(IDFUNCIONARIO,NOME, CARGO, SEXO, RG, CPF) VALUES ('AAAA','JEAN LIMA', 'ADMINISTRADOR', 'M' , 4255523 , 12815484752 )
INSERT FUNCIONARIO(IDFUNCIONARIO,NOME, CARGO, SEXO, RG, CPF) VALUES ('BBBB','Carla Alves', 'Gerente', 'F' , 2510203 , 85345847115 )
INSERT FUNCIONARIO(IDFUNCIONARIO,NOME, CARGO, SEXO, RG, CPF) VALUES ('CCCC','Wesley Silva', 'Embalador', 'M' , 2620023 , 92814705694 )
INSERT FUNCIONARIO(IDFUNCIONARIO,NOME, CARGO, SEXO, RG, CPF) VALUES ('DDDD','Juliane Alves', 'Atendente', 'F' , 0505023 , 12288420072 )
INSERT FUNCIONARIO(IDFUNCIONARIO,NOME, CARGO, SEXO, RG, CPF) VALUES ('EEEE','Orlando Matos', 'Atendente', 'M' , 0035523 , 81203200852 )
INSERT FUNCIONARIO(IDFUNCIONARIO,NOME, CARGO, SEXO, RG, CPF) VALUES ('FFFF','Vinicius Junior', 'Administrador', 'M' , 5505523 , 25803289102 )
INSERT FUNCIONARIO(IDFUNCIONARIO,NOME, CARGO, SEXO, RG, CPF) VALUES ('GGGG','Murilo Victor', 'Editor', 'M' , 0008523 , 82020408450 )
INSERT FUNCIONARIO(IDFUNCIONARIO,NOME, CARGO, SEXO, RG, CPF) VALUES ('HHHH','Estefany Soares', 'Atendente', 'F' , 3045503 , 25610054452 )
INSERT FUNCIONARIO(IDFUNCIONARIO,NOME, CARGO, SEXO, RG, CPF) VALUES ('IIII','Amanda Silva', 'Telefonista', 'F' , 4005802 , 81047704702 )
INSERT FUNCIONARIO(IDFUNCIONARIO,NOME, CARGO, SEXO, RG, CPF) VALUES ('JJJJ','Maria Ana', 'Testador', 'F' , 3058582 , 92801041520 )
UPDATE FUNCIONARIO SET SALARIO = 1200 WHERE IDFUNCIONARIO = 'AAAA'
UPDATE FUNCIONARIO SET SALARIO = 1500 WHERE IDFUNCIONARIO = 'BBBB'
UPDATE FUNCIONARIO SET SALARIO = 2000 WHERE IDFUNCIONARIO = 'CCCC'
UPDATE FUNCIONARIO SET SALARIO = 1200 WHERE IDFUNCIONARIO = 'DDDD'
UPDATE FUNCIONARIO SET SALARIO = 1200 WHERE IDFUNCIONARIO = 'EEEE'
UPDATE FUNCIONARIO SET SALARIO = 700 WHERE IDFUNCIONARIO = 'FFFF'
UPDATE FUNCIONARIO SET SALARIO = 700 WHERE IDFUNCIONARIO = 'GGGG'
UPDATE FUNCIONARIO SET SALARIO = 700 WHERE IDFUNCIONARIO = 'HHHH'
UPDATE FUNCIONARIO SET SALARIO = 1500 WHERE IDFUNCIONARIO = 'IIII'
UPDATE FUNCIONARIO SET SALARIO = 2000 WHERE IDFUNCIONARIO = 'JJJJ'

-- Inserindo Filial
INSERT FILIAL(IDFILIAL, NOME, ENDERECO, CNPJ) VALUES (1, 'ARMAZEM DOS PRODUTOS', 'MONACO PRINCIPADO, 55', 87594832095843)


-- Inserindo pedidos
INSERT PEDIDO(IDPEDIDO, ENDERECO, IDCLIENTE, FRETE, IDPRODUTO, DATAPEDIDO) VALUES ('AAAAA','Rua dos almirantes, 894', 'AAAAA', 40, 'DDDDD', '2019-08-04')
INSERT PEDIDO(IDPEDIDO, ENDERECO, IDCLIENTE, FRETE, IDPRODUTO, DATAPEDIDO) VALUES ('BBBBB','Avenida Tom Jobim, 144', 'BBBBB', 55, 'FFFFF', '2019-05-02')
INSERT PEDIDO(IDPEDIDO, ENDERECO, IDCLIENTE, FRETE, IDPRODUTO, DATAPEDIDO) VALUES ('CCCCC','Braga de paris, 894', 'CCCCC', 30, 'GGGGG', '2019-09-05')
INSERT PEDIDO(IDPEDIDO, ENDERECO, IDCLIENTE, FRETE, IDPRODUTO, DATAPEDIDO) VALUES ('DDDDD','Rui carneiro, 858', 'DDDDD', 100, 'JJJJJ', '2019-03-04')
INSERT PEDIDO(IDPEDIDO, ENDERECO, IDCLIENTE, FRETE, IDPRODUTO, DATAPEDIDO) VALUES ('EEEEE','Silvino Costa, 665', 'EEEEE', 44, 'HHHHH', '2019-11-04')
INSERT PEDIDO(IDPEDIDO, ENDERECO, IDCLIENTE, FRETE, IDPRODUTO, DATAPEDIDO) VALUES ('FFFFF','Avenida Manaira', 'FFFFF', 35, 'AAAAA', '2019-01-04')
INSERT PEDIDO(IDPEDIDO, ENDERECO, IDCLIENTE, FRETE, IDPRODUTO, DATAPEDIDO) VALUES ('GGGGG','Bairro vermelho, 000', 'GGGGG', 80, 'IIIII', '2019-07-04')
INSERT PEDIDO(IDPEDIDO, ENDERECO, IDCLIENTE, FRETE, IDPRODUTO, DATAPEDIDO) VALUES ('HHHHH','Cruz das armas, 500', 'HHHHH', 65, 'BBBBB', '2019-05-04')
INSERT PEDIDO(IDPEDIDO, ENDERECO, IDCLIENTE, FRETE, IDPRODUTO, DATAPEDIDO) VALUES ('IIIII','Bairro Amaral Peixoto, 048', 'CCCCC', 150, 'JJJJJ', '2019-08-12')
INSERT PEDIDO(IDPEDIDO, ENDERECO, IDCLIENTE, FRETE, IDPRODUTO, DATAPEDIDO) VALUES ('JJJJJ','São Sebastião, 257', 'JJJJJ', 50, 'FFFFF', '2019-03-10')
--Abaixo está a simulação de pedidos feitos presencialmente
UPDATE PEDIDO SET IDFUNCIONARIO = 'AAAA' WHERE IDPEDIDO = 'AAAAA'
UPDATE PEDIDO SET IDFUNCIONARIO = 'BBBB' WHERE IDPEDIDO = 'BBBBB'
UPDATE PEDIDO SET IDFUNCIONARIO = 'CCCC' WHERE IDPEDIDO = 'CCCCC'
UPDATE PEDIDO SET IDFUNCIONARIO = 'DDDD' WHERE IDPEDIDO = 'DDDDD'
UPDATE PEDIDO SET IDFUNCIONARIO = 'EEEE' WHERE IDPEDIDO = 'EEEEE'
UPDATE PEDIDO SET IDFUNCIONARIO = 'FFFF' WHERE IDPEDIDO = 'FFFFF'
-- consultar o id do produto, seu nome e seu fornecedor
SELECT IDPRODUTO,NOME,IDFORNECEDOR FROM PRODUTO

-- consultar o pedido e o cliente por meio de um inner join
SELECT PEDIDO.IDPEDIDO, CLIENTE.NOME
FROM PEDIDO
INNER JOIN CLIENTE
ON CLIENTE.IDCLIENTE = PEDIDO.IDCLIENTE
ORDER BY PEDIDO.IDPEDIDO

--consultar o número do pedido, cliente e o nome do produto utilizando inner join para acessar ambas as tabelas ao mesmo tempo
SELECT PEDIDO.IDPEDIDO, CLIENTE.NOME, PRODUTO.NOME, PEDIDO.ENDERECO 'Nome do produto'
FROM PEDIDO
INNER JOIN CLIENTE
ON CLIENTE.IDCLIENTE = PEDIDO.IDCLIENTE
INNER JOIN PRODUTO
ON PRODUTO.IDPRODUTO = PEDIDO.IDPRODUTO
ORDER BY PEDIDO.IDPEDIDO

-- consultar o produto e seu fornecedor
SELECT PRODUTO.IDPRODUTO, PRODUTO.NOME 'Nome do Produto', PRODUTO.IDFORNECEDOR, FORNECEDOR.NOME
FROM PRODUTO
INNER JOIN FORNECEDOR
ON FORNECEDOR.IDFORNECEDOR = PRODUTO.IDFORNECEDOR


-- consultar produtos e seus preços
SELECT NOME, CUSTO, VENDA FROM PRODUTO

-- Exibir o preço total de venda dos produtos
SELECT SUM(VENDA)'VALOR TOTAL DE VENDA' FROM PRODUTO

-- Exibir o preço do teclado(codigo DDDDD) mais barato
SELECT MIN(CUSTO)'Custo do teclado' FROM PRODUTO WHERE TIPO = 'DDDDD'

-- Exibir salários dos funcionários
SELECT IDFUNCIONARIO, NOME, CARGO, SALARIO FROM FUNCIONARIO

-- Exibir Pedido com o Funcionário que realizou o pedido
SELECT PEDIDO.IDPEDIDO, PEDIDO.ENDERECO, CLIENTE.NOME, PEDIDO.FRETE, PEDIDO.IDPRODUTO, PEDIDO.DATAPEDIDO, FUNCIONARIO.NOME
FROM PEDIDO
INNER JOIN FUNCIONARIO
ON PEDIDO.IDFUNCIONARIO = FUNCIONARIO.IDFUNCIONARIO
INNER JOIN CLIENTE
ON CLIENTE.IDCLIENTE = PEDIDO.IDCLIENTE
--Exibir produtos, tipos e fornecedores
SELECT PRODUTO.NOME 'Nome', TIPO.NOME 'Tipo', FORNECEDOR.NOME 
FROM PRODUTO 
JOIN TIPO
ON TIPO.IDTIPO = PRODUTO.TIPO
JOIN FORNECEDOR
ON FORNECEDOR.IDFORNECEDOR = PRODUTO.IDFORNECEDOR

--TESTANDO OS DADOS

SELECT * FROM TIPO
SELECT * FROM PRODUTO

SELECT * FROM CLIENTE
SELECT * FROM PEDIDO
SELECT * FROM FILIAL
SELECT * FROM FUNCIONARIO
SELECT * FROM FORNECEDOR

-- criando stored procedure
--Exibir Produtos e o tipo
CREATE PROCEDURE spExibirProdutosTipos
AS SELECT PRODUTO.NOME 'Nome', TIPO.NOME 'Tipo' 
FROM PRODUTO 
JOIN TIPO
ON TIPO.IDTIPO = PRODUTO.TIPO

EXEC spExibirProdutosTipos


CREATE PROCEDURE spExibirSalarios
AS SELECT Nome, SALARIO 'Salário'
FROM FUNCIONARIO

EXEC spExibirSalarios

--Exibir produtos tipos e fornecedores
CREATE PROCEDURE spExibirProdutosTiposFornecedor
AS SELECT PRODUTO.NOME 'Nome', TIPO.NOME 'Tipo', FORNECEDOR.NOME 
FROM PRODUTO 
JOIN TIPO
ON TIPO.IDTIPO = PRODUTO.TIPO
JOIN FORNECEDOR
ON FORNECEDOR.IDFORNECEDOR = PRODUTO.IDFORNECEDOR

EXEC spExibirProdutosTiposFornecedor

-- exibir número do pedido, nome do cliente e o nome do funcionário
CREATE PROCEDURE spExibirPedidoClienteFuncionario
AS SELECT PEDIDO.IDPEDIDO, CLIENTE.NOME, FUNCIONARIO.NOME, PEDIDO.DATAPEDIDO
FROM PEDIDO 
JOIN CLIENTE
ON CLIENTE.IDCLIENTE = PEDIDO.IDCLIENTE
JOIN FUNCIONARIO
ON FUNCIONARIO.IDFUNCIONARIO = PEDIDO.IDFUNCIONARIO

EXEC spExibirPedidoClienteFuncionario

--Exibir funcionário e cargo depois de inserir o cargo
CREATE PROCEDURE spExibirFuncionario
@CARGO VARCHAR(30)
AS SELECT FUNCIONARIO.NOME 'NOME', FUNCIONARIO.CARGO 'CARGO'
FROM FUNCIONARIO WHERE CARGO = @CARGO

EXEC spExibirFuncionario 'ATENDENTE'
EXEC spExibirFuncionario 'ADMINISTRADOR'
